<?xml version="1.0" encoding="UTF-8"?>
<project-private xmlns="http://www.netbeans.org/ns/project-private/1">
    <editor-bookmarks xmlns="http://www.netbeans.org/ns/editor-bookmarks/2" lastBookmarkId="0"/>
    <open-files xmlns="http://www.netbeans.org/ns/projectui-open-files/2">
        <group>
            <file>file:/C:/Users/dell/Desktop/semestre%202%204gi/Systeme%20Expert%20et%20systeme%20multi%20agent/SMA/GESTION_CABINET_MEDICAL_FINAL/src/patient/InterfaceConsultation.java</file>
            <file>file:/C:/Users/dell/Desktop/semestre%202%204gi/Systeme%20Expert%20et%20systeme%20multi%20agent/SMA/GESTION_CABINET_MEDICAL_FINAL/src/gestion_cabinet_medical_final/MainContainer.java</file>
            <file>file:/C:/Users/dell/Desktop/semestre%202%204gi/Systeme%20Expert%20et%20systeme%20multi%20agent/SMA/GESTION_CABINET_MEDICAL_FINAL/src/medecin/EcouteurFichierMedecin.java</file>
            <file>file:/C:/Users/dell/Desktop/semestre%202%204gi/Systeme%20Expert%20et%20systeme%20multi%20agent/SMA/GESTION_CABINET_MEDICAL_FINAL/src/patient/EcouteurFichierPatient.java</file>
            <file>file:/C:/Users/dell/Desktop/semestre%202%204gi/Systeme%20Expert%20et%20systeme%20multi%20agent/SMA/GESTION_CABINET_MEDICAL_FINAL/src/patient/patientFichier.java</file>
            <file>file:/C:/Users/dell/Desktop/semestre%202%204gi/Systeme%20Expert%20et%20systeme%20multi%20agent/SMA/GESTION_CABINET_MEDICAL_FINAL/src/medecin/MedecinInterface.java</file>
            <file>file:/C:/Users/dell/Desktop/semestre%202%204gi/Systeme%20Expert%20et%20systeme%20multi%20agent/SMA/GESTION_CABINET_MEDICAL_FINAL/src/medecin/Medecin_Agent.java</file>
            <file>file:/C:/Users/dell/Desktop/semestre%202%204gi/Systeme%20Expert%20et%20systeme%20multi%20agent/SMA/GESTION_CABINET_MEDICAL_FINAL/src/patient/Patient_Container.java</file>
            <file>file:/C:/Users/dell/Desktop/semestre%202%204gi/Systeme%20Expert%20et%20systeme%20multi%20agent/SMA/GESTION_CABINET_MEDICAL_FINAL/src/patient/Patient_Agent.java</file>
            <file>file:/C:/Users/dell/Desktop/semestre%202%204gi/Systeme%20Expert%20et%20systeme%20multi%20agent/SMA/GESTION_CABINET_MEDICAL_FINAL/src/medecin/Medecin_Container.java</file>
        </group>
    </open-files>
</project-private>
